"n","r","real(H_{n,r})"
0,1,0
0,2,0
0,3,0
1,1,1.
1,2,1.
1,3,1.
2,1,1.5
2,2,1.25
2,3,1.125
3,1,1.83333333333333333333
3,2,1.36111111111111111111
3,3,1.16203703703703703704
4,1,2.08333333333333333333
4,2,1.42361111111111111111
4,3,1.17766203703703703704
5,1,2.28333333333333333333
5,2,1.46361111111111111111
5,3,1.18566203703703703704
6,1,2.45
6,2,1.49138888888888888889
6,3,1.19029166666666666667
7,1,2.59285714285714285714
7,2,1.51179705215419501134
7,3,1.19320711856171039845
